"AnimalID","Sire","Dam","shell_color","poolID","famID","ABT","WW","ABT_t","gender","ABT_t_converted"
"CH_F070","NB_sire","R06_dam",1,5,"fam_109",27.9,45.44,-1.1632,2,-1.17785729334926
"CH_F132","NB_sire","R06_dam",1,5,"fam_109",30.3,50.86,0.6842,1,0.68202533679597
"CH_F166","NB_sire","R06_dam",1,5,"fam_109",29.46,26.13,0.0477,1,0.0439200252427743
"CH_F441","RR03_sire","RR13_dam",1,5,"fam_3",29.21,50.18,-0.184,2,-0.188712095180221
"CH_F471","RR03_sire","RR13_dam",1,5,"fam_3",29.24,49.75,-0.1598,2,-0.164386676392282
"CH_F491","RR03_sire","RR13_dam",1,5,"fam_3",29.75,59.91,0.2676,1,0.264491421885528
"CH_F556","RR03_sire","RR13_dam",1,5,"fam_3",28.52,24.02,-0.6348,2,-0.642265767767666
"CH_F689","RR04_sire","RR16_dam",1,5,"fam_8",30.19,37.21,0.568,1,0.56561423191122
"CH_F720","RR04_sire","RR16_dam",1,5,"fam_8",28.9,25.19,-0.3873,2,-0.393070358879647
"CH_F963","RR10_sire","RR46_dam",1,5,"fam_19",30.62,34.68,0.9326,2,0.93088930374625
"CH_H232","DD_sire","D04_dam",1,5,"fam_27",31.45,23.01,1.5059,1,1.50561667589355
"CH_H237","DD_sire","D04_dam",1,5,"fam_27",28.21,25,-0.9264,2,-0.93706307335426
"CH_H296","DD_sire","D04_dam",1,5,"fam_27",27.69,25.26,-1.3417,2,-1.36083170829032
"CH_H332","DD_sire","D04_dam",1,5,"fam_27",29.4,28.54,-0.0159,1,-0.0199585564685356
"CH_H347","DD_sire","D04_dam",1,5,"fam_27",29.65,35.01,0.2022,2,0.198879906408582
"CH_H383","DD_sire","D04_dam",1,5,"fam_27",29.74,38.82,0.2594,2,0.256233295317459
"CH_H428","RB_sire","N04_dam",1,5,"fam_30",30.39,70.01,0.775,1,0.773053961585312
"CH_H887","RD_sire","N12_dam",1,5,"fam_37",27.6,36.2,-1.4082,1,-1.42948026900413
"CH_J045","JB_sire","C04_dam",1,5,"fam_46",29.58,41.71,0.1437,1,0.140158156403418
"CH_J101","JB_sire","C04_dam",1,5,"fam_46",28.56,49.52,-0.6058,2,-0.613101970775398
"CH_J168","JB_sire","C04_dam",1,5,"fam_46",27.77,26.88,-1.2806,1,-1.29805767790976
"CH_J260","JD_sire","C08_dam",1,5,"fam_48",28.86,52.77,-0.4132,1,-0.419077853215981
"CH_J275","JD_sire","C08_dam",1,5,"fam_48",30.19,61.91,0.568,2,0.56561423191122
"CH_J280","JD_sire","C08_dam",1,5,"fam_48",30.31,35.32,0.6943,1,0.692133487847842
"CH_J367","JD_sire","C08_dam",1,5,"fam_48",28.44,34.54,-0.725,2,-0.733299473365148
"CH_J445","A14009_A_sire","A14009_1_dam",1,5,"fam_58",28.45,30.35,-0.7044,2,-0.71256552742236
"CH_J478","A14009_A_sire","A14009_1_dam",1,5,"fam_58",30.58,49.92,0.8963,2,0.89456604772315
"CH_J530","A14009_A_sire","A14009_1_dam",1,5,"fam_58",30.7,32.26,0.9991,1,0.997604171311297
"CH_J551","A14009_A_sire","A14009_1_dam",1,5,"fam_58",30.92,22.27,1.1671,2,1.16596011146932
"CH_J592","A14009_A_sire","A14009_1_dam",1,5,"fam_58",29.91,30.87,0.3723,1,0.369461936639859
"CH_J597","A14009_A_sire","A14009_1_dam",1,5,"fam_58",28.14,27.12,-0.9894,1,-1.00089209043462
"CH_J599","A14009_A_sire","A14009_1_dam",1,5,"fam_58",29.94,29.32,0.398,1,0.395227283187627
"CH_J779","JF_sire","C28_dam",1,5,"fam_59",28.69,37.8,-0.5219,1,-0.528526790051901
"CH_J837","009_B_sire","009_2_dam",1,5,"fam_63",30.7,29.07,0.9991,2,0.997604171311297
"CH_J838","009_B_sire","009_2_dam",1,5,"fam_63",28.51,33.99,-0.6494,2,-0.657053531003305
"CH_J865","009_B_sire","009_2_dam",1,5,"fam_63",29.28,16.22,-0.1176,2,-0.122041385870038
"CH_J954","009_B_sire","009_2_dam",1,5,"fam_63",29.48,26.81,0.0597,2,0.0559093619511882
"CH_J955","009_B_sire","009_2_dam",1,5,"fam_63",28.49,23.34,-0.6767,2,-0.684545808815392
"CH_J966","009_B_sire","009_2_dam",1,5,"fam_63",29.79,20.22,0.2883,2,0.28521724791614
"FE_K058","JE_sire","C26_dam",1,5,"fam_64",31.64,31.95,1.7252,1,1.72573607712001
"FE_K102","JE_sire","C26_dam",1,5,"fam_64",30.02,40.11,0.4503,2,0.447576870646752
"FE_K110","JE_sire","C26_dam",1,5,"fam_64",31.57,50.13,1.6059,1,1.60597112358835
"FE_K147","JE_sire","C26_dam",1,5,"fam_64",29.29,35.89,-0.1076,1,-0.111994174639077
"FE_K165","JE_sire","C26_dam",1,5,"fam_64",29.48,51.49,0.0597,2,0.0559093619511882
"FE_K178","JE_sire","C26_dam",1,5,"fam_64",31.23,25.76,1.3368,2,1.3360630608901
"FE_K190","JE_sire","C26_dam",1,5,"fam_64",31.25,41.89,1.3565,1,1.3558112351118
"FE_K193","JE_sire","C26_dam",1,5,"fam_64",31.15,36.84,1.3129,1,1.31208799564572
"FE_K248","F141730_A_sire","F141730_1_dam",1,5,"fam_69",31.46,32.8,1.5376,1,1.53736553357678
"FE_K253","F141730_A_sire","F141730_1_dam",1,5,"fam_69",29.41,33.17,-0.004,1,-0.00798297738332359
"FE_K255","F141730_A_sire","F141730_1_dam",1,5,"fam_69",28.82,31.54,-0.4437,1,-0.44978393586925
"FE_K312","F141730_A_sire","F141730_1_dam",1,5,"fam_69",27.62,36.74,-1.3923,2,-1.41304221473473
"FE_K323","F141730_A_sire","F141730_1_dam",1,5,"fam_69",28.64,44.28,-0.5587,2,-0.56561423191122
"FE_K367","F141730_A_sire","F141730_1_dam",1,5,"fam_69",28.3,50.35,-0.8299,1,-0.839348302319338
"FE_K375","F141730_A_sire","F141730_1_dam",1,5,"fam_69",27.33,29.88,-1.6994,1,-1.73465152202038
"FE_K391","F141730_A_sire","F141730_1_dam",1,5,"fam_69",30.23,43.47,0.6202,1,0.617925871798512
"FE_K492","F4179_B_sire","F4179_2_dam",1,6,"fam_70",27.18,41.63,-1.9116,2,-1.9654423899064
"FE_K706","GG03_sire","HH05_dam",1,6,"fam_72",30.19,41.33,0.568,2,0.56561423191122
"FE_K783","GG03_sire","HH05_dam",1,6,"fam_72",31.81,47.37,1.8757,1,1.87706231130567
"FE_K907","A14099_A_sire","A14099_1_dam",1,6,"fam_76",28.41,22.25,-0.7537,2,-0.762335363841312
"FE_L237","F41126_C_sire","F41126_7_dam",1,6,"fam_23",29.69,31.95,0.2266,1,0.223368899269238
"FE_L412","F41111_A_sire","F41111_1_dam",1,6,"fam_115",29.46,49.2,0.0477,2,0.0439200252427743
"FE_L958","RC_sire","N20_dam",1,6,"fam_38",29.41,57.31,-0.004,1,-0.00798297738332359
"FE_M048","RB_sire","R04_dam",2,6,"fam_43",28.81,47.31,-0.4547,1,-0.460852463754679
"FE_M049","RB_sire","R04_dam",2,6,"fam_43",29.79,47.07,0.2883,1,0.28521724791614
"FE_M069","RB_sire","R04_dam",2,6,"fam_43",27.44,29.52,-1.564,1,-1.59164288590439
"FE_M350","102_C_sire","102_3_dam",1,6,"fam_53",31.57,31.1,1.6059,2,1.60597112358835
"FE_M379","102_C_sire","102_3_dam",1,6,"fam_53",31.46,49.69,1.5376,1,1.53736553357678
"FE_M704","RC_sire","R20_dam",2,6,"fam_80",28.37,19.45,-0.7804,2,-0.789300651871426
"FE_M723","RC_sire","R20_dam",2,6,"fam_80",30.45,27.26,0.8049,2,0.803000367256777
"FE_M774","RC_sire","R20_dam",2,6,"fam_83",27.81,17.75,-1.254,2,-1.27073860698951
"FE_M787","RC_sire","R20_dam",2,6,"fam_83",28.88,42.2,-0.4002,1,-0.406039774612735
"FE_M809","RC_sire","R20_dam",2,6,"fam_83",28.26,18.24,-0.8757,2,-0.885668516683683
"FE_M824","RC_sire","R20_dam",2,6,"fam_83",28.45,23.15,-0.7044,2,-0.71256552742236
"FE_M848","RC_sire","R20_dam",2,6,"fam_83",28.93,22.57,-0.3596,1,-0.365191915243078
"FE_M865","RC_sire","R20_dam",2,6,"fam_83",30.88,42.57,1.1439,2,1.14264813104062
"FE_N005","RD_sire","R22_dam",2,6,"fam_82",29.93,33.8,0.3873,2,0.384460802559278
"FE_N030","RD_sire","R22_dam",2,6,"fam_82",30.25,25.91,0.6494,1,0.647179274052951
"FE_N032","RD_sire","R22_dam",2,6,"fam_82",28.7,18.8,-0.5083,1,-0.514806993193573
"FE_N039","RD_sire","R22_dam",2,6,"fam_82",30.44,33.05,0.7994,2,0.797502527255702
"FE_N053","RD_sire","R22_dam",2,6,"fam_82",28.82,20.07,-0.4437,2,-0.44978393586925
"FE_N075","RD_sire","R22_dam",2,6,"fam_82",30.53,40.68,0.8583,1,0.856502762945667
"FE_N233","RB_sire","R16_dam",2,6,"fam_85",29.27,27.37,-0.1336,1,-0.138143017608229
"FE_N236","RB_sire","R16_dam",2,6,"fam_85",30.14,28.57,0.5173,2,0.514806993193573
"FE_N240","RB_sire","R16_dam",2,6,"fam_85",30.81,42.66,1.1138,2,1.11249921641449
"FE_N332","RB_sire","R16_dam",2,6,"fam_85",27.24,42.53,-1.8106,2,-1.85431387994432
"FE_N337","RB_sire","R16_dam",2,6,"fam_85",29.22,32.58,-0.1759,2,-0.180591920534892
"FE_N403","RA_sire","R14_dam",2,6,"fam_86",27.42,21.02,-1.6355,1,-1.66686424846372
"FE_N423","RA_sire","R14_dam",2,6,"fam_86",29.36,26.94,-0.0717,1,-0.0759103206528571
"FE_N431","RA_sire","R14_dam",2,6,"fam_86",29.19,34.7,-0.1901,2,-0.194810373153431
"FE_N434","RA_sire","R14_dam",2,6,"fam_86",30.38,37.72,0.7537,1,0.751703642612019
"FE_N452","RA_sire","R14_dam",2,6,"fam_86",28.26,31.46,-0.8757,1,-0.885668516683683
"FE_N484","RA_sire","R14_dam",2,6,"fam_86",29.45,28.42,0.0338,2,0.0299403198247677
"FE_N490","RA_sire","R14_dam",2,6,"fam_86",27.3,27.17,-1.7341,1,-1.77176773209635
"FE_N500","RA_sire","R14_dam",2,6,"fam_86",29.57,30.7,0.1336,2,0.130087985803812
"FE_N537","RA_sire","R14_dam",2,6,"fam_86",28.97,46.86,-0.3175,2,-0.322841493870049
"FE_N547","RA_sire","R14_dam",2,6,"fam_86",28.3,33.56,-0.8299,1,-0.839348302319338
"FE_N909","RA_sire","R01_dam",2,6,"fam_44",29.49,21.51,0.0736,2,0.069907208113003
"FE_N912","RA_sire","R01_dam",2,6,"fam_44",29.52,30.07,0.1016,2,0.0979468192684425
"FE_N922","RA_sire","R01_dam",2,6,"fam_44",28.88,21.24,-0.4002,2,-0.406039774612735
"FE_N925","RA_sire","R01_dam",2,6,"fam_44",30.46,16.57,0.8132,1,0.811292959542069
"FE_N926","RA_sire","R01_dam",2,6,"fam_44",30.39,25.25,0.775,2,0.773053961585312
"FE_N951","RA_sire","R01_dam",2,6,"fam_44",29.02,25.29,-0.2904,1,-0.295625727631307
"FE_N953","RA_sire","R01_dam",2,6,"fam_44",27.88,18.54,-1.179,1,-1.19398438453753
"HO_A003","CC_sire","Y09_dam",1,1,"fam_9",27.43,42.19,-1.5987,1,-1.62810235300118
"HO_A004","CC_sire","Y09_dam",1,1,"fam_9",29.83,37.36,0.3321,1,0.329155420282307
"HO_A040","CC_sire","Y09_dam",1,1,"fam_9",29.59,35.34,0.1578,1,0.154280546851203
"HO_A060","CC_sire","Y09_dam",1,1,"fam_9",27.99,40.74,-1.0775,2,-1.09053463077408
"HO_A071","CC_sire","Y09_dam",1,1,"fam_9",29.38,32.98,-0.0477,1,-0.0519121084794259
"HO_A077","CC_sire","Y09_dam",1,1,"fam_9",31.77,35.55,1.8004,2,1.80129718720263
"HO_A084","CC_sire","Y09_dam",1,1,"fam_9",30.2,23.71,0.5868,1,0.584450591815193
"HO_A090","CC_sire","Y09_dam",1,1,"fam_9",29.65,34.57,0.2022,2,0.198879906408582
"HO_A128","CC_sire","Y09_dam",1,7,"fam_9",27.08,68.99,-2.1234,2,-2.21050601266072
"HO_A160","CC_sire","Y09_dam",1,7,"fam_0",30.23,0,0.6202,2,0.617925871798512
"HO_A163","CC_sire","Y09_dam",1,7,"fam_9",29.89,18.52,0.3638,1,0.360928542085188
"HO_A208","CC_sire","Y09_dam",1,7,"fam_9",30.82,67.28,1.1212,2,1.11994112101445
"HO_A216","CC_sire","Y09_dam",1,7,"fam_9",30.15,19.02,0.5242,1,0.521654617439191
"HO_A227","CC_sire","Y09_dam",1,7,"fam_9",28.54,34.79,-0.6154,2,-0.622764195054534
"HO_A326","CC_sire","Y09_dam",1,4,"fam_9",30.04,33.83,0.4657,2,0.46307291711285
"HO_A332","CC_sire","Y09_dam",1,4,"fam_9",29.56,57.08,0.1236,1,0.120030990286358
"HO_A342","CC_sire","Y09_dam",1,4,"fam_9",30.88,55.31,1.1439,1,1.14264813104062
"HO_A351","CC_sire","Y09_dam",1,7,"fam_9",29.39,84.29,-0.0298,1,-0.03393380488167
"HO_A363","CC_sire","Y09_dam",1,7,"fam_9",28.76,66.89,-0.4813,1,-0.487652251281942
"HO_A374","CC_sire","Y09_dam",1,7,"fam_9",28.74,37.56,-0.4947,2,-0.501183425135532
"HO_A382","CC_sire","Y09_dam",1,7,"fam_0",29.16,0,-0.2083,1,-0.213149711736448
"HO_A754","CD_sire","J25_dam",1,7,"fam_57",27.33,26.33,-1.6994,2,-1.73465152202038
"HO_B034","CC_sire","Y22_dam",1,1,"fam_68",31.4,18.11,1.464,2,1.46356770505629
"HO_B043","CC_sire","Y22_dam",1,1,"fam_68",31.08,19.83,1.2584,1,1.25742791547378
"HO_B058","CC_sire","Y22_dam",1,1,"fam_68",31.74,41.06,1.7806,2,1.78143898442708
"HO_B073","CC_sire","Y22_dam",1,1,"fam_68",30.89,24.08,1.1593,1,1.15811946738618
"HO_B074","CC_sire","Y22_dam",1,1,"fam_68",28.93,48.96,-0.3596,1,-0.365191915243078
"HO_B107","CC_sire","Y22_dam",1,7,"fam_68",30.07,54.94,0.4902,2,0.487652251281942
"HO_B197","CC_sire","Y22_dam",1,7,"fam_68",28.21,90.29,-0.9264,1,-0.93706307335426
"HO_B198","CC_sire","Y22_dam",1,7,"fam_68",30.63,67.59,0.9418,2,0.94016338895087
"HO_B215","CC_sire","Y22_dam",1,7,"fam_68",31.96,45.1,2.087,2,2.08992871341708
"HO_B228","CC_sire","Y22_dam",1,7,"fam_68",30.21,65.3,0.5963,1,0.593946688110712
"HO_B265","CC_sire","Y22_dam",1,7,"fam_68",29.88,80.69,0.3596,1,0.356671719242613
"HO_B289","CC_sire","Y22_dam",1,7,"fam_68",30.07,74.95,0.4902,1,0.487652251281942
"HO_B425","GG05_sire","GG02_dam",1,4,"fam_94",30.53,37.03,0.8583,1,0.856502762945667
"HO_B476","GG05_sire","GG02_dam",1,4,"fam_94",28.94,33.32,-0.3406,2,-0.346057685439508
"HO_B506","CD_sire","J26_dam",1,7,"fam_78",28.53,72.05,-0.6275,1,-0.634924423769693
"HO_B507","CD_sire","J26_dam",1,7,"fam_78",27.93,0,-1.1439,1,-1.15811946738618
"HO_B522","CD_sire","J26_dam",1,7,"fam_78",28,47.49,-1.0599,1,-1.07262480565533
"HO_B547","CD_sire","J26_dam",1,7,"fam_78",29.36,50.31,-0.0717,1,-0.0759103206528571
"HO_B564","CD_sire","J26_dam",1,7,"fam_0",29.22,0,-0.1759,2,-0.180591920534892
"HO_B585","CD_sire","J26_dam",1,7,"fam_78",28.27,60.03,-0.8612,1,-0.870993024563469
"HO_B586","CD_sire","J26_dam",1,7,"fam_78",30.76,76.7,1.0811,2,1.07974718222901
"HO_B633","CD_sire","J26_dam",1,1,"fam_78",29.93,31.23,0.3873,2,0.384460802559278
"HO_B656","CD_sire","J26_dam",1,1,"fam_78",28.06,37.32,-1.019,1,-1.03098517765919
"HO_B713","CD_sire","J26_dam",1,7,"fam_78",28.26,59.79,-0.8757,1,-0.885668516683683
"HO_B717","CD_sire","J26_dam",1,7,"fam_78",27.99,73.4,-1.0775,2,-1.09053463077408
"HO_B718","CD_sire","J26_dam",1,7,"fam_78",27.51,64.39,-1.5184,2,-1.54390451992525
"HO_B758","CD_sire","J26_dam",1,7,"fam_78",27.9,36.08,-1.1632,1,-1.17785729334926
"HO_B773","CD_sire","J26_dam",1,7,"fam_78",27.04,57.62,-2.337,1,-2.49098768535023
"HO_B852","CD_sire","J26_dam",1,7,"fam_78",28.41,74.2,-0.7537,2,-0.762335363841312
"HO_B898","CD_sire","J26_dam",1,7,"fam_0",32,0,2.3687,2,2.37569523050188
"HO_B911","CD_sire","J26_dam",1,1,"fam_78",28.86,35.35,-0.4132,1,-0.419077853215981
"HO_B925","CD_sire","J26_dam",1,4,"fam_78",29.4,28.07,-0.0159,2,-0.0199585564685356
"HO_B950","CD_sire","J26_dam",1,7,"fam_78",31.85,49.53,1.9774,2,1.97940255890374
"HO_B961","CD_sire","J26_dam",1,7,"fam_78",30.74,41.14,1.0565,1,1.05505258875721
"HO_B966","CD_sire","J26_dam",1,7,"fam_78",30.56,64.22,0.8845,2,0.882718220693682
"HO_B996","CD_sire","J26_dam",1,7,"fam_78",30.26,78.27,0.6642,1,0.662014727093417
"HO_C094","GG05_sire","GG02_dam",1,7,"fam_94",30.25,43.54,0.6494,2,0.647179274052951
"HO_C123","GG05_sire","GG02_dam",1,1,"fam_94",29.8,22.3,0.3029,1,0.299798040345134
"HO_C156","GG05_sire","GG02_dam",1,1,"fam_94",31.42,30.05,1.4937,2,1.49333194136054
"HO_C196","GG05_sire","GG02_dam",1,1,"fam_94",30.63,37.08,0.9418,2,0.94016338895087
"HO_C307","CC_sire","Y22_dam",1,1,"fam_68",29.86,45.77,0.3448,2,0.341823030741537
"HO_C310","CC_sire","Y22_dam",1,1,"fam_68",30.64,43.22,0.9574,2,0.955802599996442
"HO_C348","CC_sire","Y22_dam",1,4,"fam_68",30.53,54.18,0.8583,2,0.856502762945667
"HO_C350","CC_sire","Y22_dam",1,7,"fam_68",28.77,56.89,-0.4724,1,-0.478680971100629
"HO_C412","CC_sire","Y22_dam",1,1,"fam_68",28.82,27.05,-0.4437,1,-0.44978393586925
"HO_C422","CC_sire","Y22_dam",1,1,"fam_68",27.82,38.37,-1.2367,1,-1.25304018435762
"HO_C489","CC_sire","Y22_dam",1,7,"fam_68",32,67.44,2.3687,2,2.37569523050188
"HO_C529","RR06_sire","RR30_dam",1,1,"fam_98",29.71,26.82,0.243,1,0.239768724360219
"HO_C586","RR06_sire","RR30_dam",1,1,"fam_98",30.31,23.85,0.6943,2,0.692133487847842
"HO_C658","RR06_sire","RR30_dam",1,7,"fam_98",29.12,35,-0.2307,2,-0.235662891091386
"HO_C816","GG05_sire","GG02_dam",1,1,"fam_94",29.52,40.2,0.1016,2,0.0979468192684425
"HO_C831","GG05_sire","GG02_dam",1,4,"fam_94",28.34,34.95,-0.7994,2,-0.808522586798247
"HO_C870","GG05_sire","GG02_dam",1,7,"fam_94",31.57,68.94,1.6059,2,1.60597112358835
"HO_C975","RR06_sire","RR30_dam",1,7,"fam_98",29.44,41.84,0.0179,1,0.0139705164768653
"HO_D140","NC_sire","R20_dam",1,7,"fam_113",27.95,55.51,-1.1249,2,-1.13882280010492
"HO_D231","NC_sire","R20_dam",1,7,"fam_113",30.34,79.18,0.725,1,0.722893653530919
"HO_D283","NC_sire","R20_dam",1,7,"fam_113",28.62,58.33,-0.5727,1,-0.579722287827005
"HO_D477","NC_sire","R20_dam",1,7,"fam_0",30.39,0,0.775,1,0.773053961585312
"HO_D498","NC_sire","R20_dam",1,7,"fam_113",31.78,65.51,1.8209,2,1.82189224274463
"HO_D841","RR07_sire","RR35_dam",1,4,"fam_10",28.44,23.78,-0.725,2,-0.733299473365148
"HO_E055","RR02_sire","RR10_dam",1,1,"fam_5",32,21.95,2.3687,2,2.37569523050188
"HO_E091","RR02_sire","RR10_dam",1,1,"fam_5",27.42,27.14,-1.6355,2,-1.66686424846372
"HO_E532","RR01_sire","RR04_dam",1,1,"fam_2",30.77,35.82,1.0955,1,1.09415877076674
"HO_E598","RR01_sire","RR04_dam",1,1,"fam_2",30.8,33.16,1.1064,1,1.10511841945218
"HO_E834","RR01_sire","RR04_dam",1,4,"fam_2",30.25,23.62,0.6494,1,0.647179274052951
"HO_E843","RR01_sire","RR04_dam",1,4,"fam_2",28.2,24.97,-0.9387,1,-0.949519049907843
"HO_E929","RR01_sire","RR04_dam",1,4,"fam_2",29.44,22.14,0.0179,1,0.0139705164768653
"HO_E932","RR01_sire","RR04_dam",1,4,"fam_2",30.77,22.95,1.0955,1,1.09415877076674
"HU_A014","RR06_sire","RR29_dam",1,3,"fam_4",31.85,30.35,1.9774,1,1.97940255890374
"HU_A083","RR06_sire","RR29_dam",1,3,"fam_4",29.38,28.9,-0.0477,1,-0.0519121084794259
"HU_A189","RR06_sire","RR29_dam",1,7,"fam_4",29.39,56.21,-0.0298,1,-0.03393380488167
"HU_A257","RR03_sire","RR12_dam",1,3,"fam_6",28.45,45.97,-0.7044,2,-0.71256552742236
"HU_A312","RR03_sire","RR12_dam",1,7,"fam_6",28.26,75.03,-0.8757,2,-0.885668516683683
"HU_A329","RR03_sire","RR12_dam",1,3,"fam_0",28.25,0,-0.8904,1,-0.900537280667848
"HU_A353","RR03_sire","RR12_dam",1,7,"fam_6",30.59,55.87,0.9143,2,0.91257716583047
"HU_A373","RR03_sire","RR12_dam",1,7,"fam_6",30.72,49.78,1.0223,1,1.0208514148185
"HU_A479","RR04_sire","RR20_dam",1,3,"fam_7",27.81,23.76,-1.254,2,-1.27073860698951
"HU_A562","RR04_sire","RR20_dam",1,7,"fam_7",28.9,45.79,-0.3873,1,-0.393070358879647
"HU_B217","RB_sire","N05_dam",1,3,"fam_29",31.46,37.44,1.5376,1,1.53736553357678
"HU_B304","RB_sire","N05_dam",1,7,"fam_29",28.96,75.23,-0.3258,1,-0.331262969335628
"HU_B307","RB_sire","N05_dam",1,7,"fam_0",30.24,0,0.6348,2,0.632484913239043
"HU_B388","RB_sire","N05_dam",1,7,"fam_29",29.43,70.21,0.008,2,0.00399145689562563
"HU_B544","RD_sire","N10_dam",1,7,"fam_32",28.63,26.21,-0.5657,2,-0.572654012296242
"HU_B685","RC_sire","N09_dam",1,3,"fam_33",30.19,50.17,0.568,2,0.56561423191122
"HU_B736","RC_sire","N09_dam",1,7,"fam_33",30.19,41.41,0.568,2,0.56561423191122
"HU_B747","RC_sire","N09_dam",1,7,"fam_33",28.48,58.58,-0.6867,2,-0.69467157355759
"HU_B775","RC_sire","N09_dam",1,7,"fam_33",30.23,67.7,0.6202,1,0.617925871798512
"HU_B783","RC_sire","N09_dam",1,7,"fam_33",28.83,78.69,-0.4284,2,-0.434379696809412
"HU_B967","RA_sire","N14_dam",1,7,"fam_36",27.86,70.02,-1.191,1,-1.20628659023402
"HU_C203","DC_sire","C07_dam",1,3,"fam_47",31.39,31.49,1.4355,1,1.43504636669201
"HU_C211","DC_sire","C07_dam",1,3,"fam_47",32,19.34,2.3687,2,2.37569523050188
"HU_C225","DC_sire","C07_dam",1,3,"fam_47",27.85,40.96,-1.2074,2,-1.22297912833447
"HU_C226","DC_sire","C07_dam",1,3,"fam_47",31.25,53,1.3565,1,1.3558112351118
"HU_C230","DC_sire","C07_dam",1,3,"fam_0",31.32,0,1.4029,1,1.40229214369108
"HU_C238","DC_sire","C07_dam",1,3,"fam_47",30.33,53.29,0.7172,1,0.715140398915122
"HU_C248","DC_sire","C07_dam",1,3,"fam_47",30.88,53.88,1.1439,1,1.14264813104062
"HU_C272","DC_sire","C07_dam",1,3,"fam_47",29.07,27.04,-0.2615,2,-0.266558752913145
"HU_C325","DC_sire","C07_dam",1,7,"fam_47",30.26,29.78,0.6642,2,0.662014727093417
"HU_C351","DC_sire","C07_dam",1,7,"fam_47",28.19,49.95,-0.9574,2,-0.968484316887792
"HU_C406","JD_sire","C09_dam",1,3,"fam_49",27.76,48.91,-1.2943,1,-1.31208799564572
"HU_C434","JD_sire","C09_dam",1,3,"fam_49",30.64,37.26,0.9574,1,0.955802599996442
"HU_C441","JD_sire","C09_dam",1,3,"fam_49",29.04,39.88,-0.278,2,-0.283139290759389
"HU_C454","JD_sire","C09_dam",1,3,"fam_49",30.68,53.99,0.9797,2,0.978098766834324
"HU_C493","JD_sire","C09_dam",1,4,"fam_49",29.16,24.75,-0.2083,2,-0.213149711736448
"HU_C602","JE_sire","C12_dam",1,3,"fam_51",31.05,28.47,1.2282,2,1.22720587213451
"HU_C622","JE_sire","C12_dam",1,3,"fam_51",31.4,34.08,1.464,1,1.46356770505629
"HU_C631","JE_sire","C12_dam",1,3,"fam_51",31.21,20.78,1.3224,2,1.32158694642802
"HU_C645","JE_sire","C12_dam",1,3,"fam_51",30.11,41.42,0.5128,2,0.510255304200318
"HU_C678","JE_sire","C12_dam",1,3,"fam_51",30.75,29.97,1.0705,2,1.06908394106112
"HU_C681","JE_sire","C12_dam",1,3,"fam_51",31.82,31.11,1.9116,2,1.91312162394008
"HU_C776","JE_sire","C12_dam",1,7,"fam_51",31.08,38.65,1.2584,1,1.25742791547378
"HU_C784","JE_sire","C12_dam",1,7,"fam_51",29.07,52.11,-0.2615,1,-0.266558752913145
"HU_C799","JE_sire","C12_dam",1,7,"fam_51",29.13,64.87,-0.2246,2,-0.229511559029543
"HU_C852","096_B_sire","096_2_dam",1,3,"fam_55",29.51,37.3,0.0876,1,0.0839187659629912
"HU_C904","096_B_sire","096_2_dam",1,7,"fam_55",29.07,43.94,-0.2615,1,-0.266558752913145
"HU_C911","096_B_sire","096_2_dam",1,7,"fam_55",27.01,71.78,-2.527,1,-2.82169422710145
"HU_C988","096_B_sire","096_2_dam",1,7,"fam_55",29.99,58.37,0.4349,2,0.432187566137413
"HU_C994","096_B_sire","096_2_dam",1,7,"fam_55",29.28,62.07,-0.1176,2,-0.122041385870038
"HU_D069","JE_sire","C25_dam",1,4,"fam_61",29.59,27.19,0.1578,1,0.154280546851203
"HU_D105","JE_sire","C25_dam",1,7,"fam_61",30.36,24.91,0.7406,2,0.738532240583601
"HU_D142","JE_sire","C25_dam",1,7,"fam_61",28.06,35.2,-1.019,1,-1.03098517765919
"HU_D146","JE_sire","C25_dam",1,7,"fam_61",28.83,45.82,-0.4284,1,-0.434379696809412
"HU_D186","JE_sire","C25_dam",1,7,"fam_61",27.69,58.1,-1.3417,1,-1.36083170829032
"HU_D207","JF_sire","C27_dam",1,7,"fam_65",27.36,40.59,-1.6746,2,-1.70830578835784
"HU_D258","JF_sire","C27_dam",1,3,"fam_65",28.31,67,-0.8187,1,-0.828048008175037
"HU_D283","JF_sire","C27_dam",1,7,"fam_65",31.59,0,1.6431,2,1.64331163934729
"HU_D298","JF_sire","C27_dam",1,4,"fam_65",28.33,14.56,-0.8077,2,-0.816852476771834
"HU_D350","JF_sire","C27_dam",1,7,"fam_65",29.39,75.36,-0.0298,1,-0.03393380488167
"HU_D358","JF_sire","C27_dam",1,7,"fam_65",30.02,0,0.4503,2,0.447576870646752
"HU_D382","JF_sire","C27_dam",1,7,"fam_65",28.98,92.26,-0.3112,2,-0.316540411699714
"HU_D392","JF_sire","C27_dam",1,7,"fam_65",31.57,57.09,1.6059,2,1.60597112358835
"HU_D394","JF_sire","C27_dam",1,7,"fam_65",28.93,63.17,-0.3596,2,-0.365191915243078
"HU_D413","175_D_sire","175_4_dam",1,3,"fam_67",28.43,32.51,-0.738,2,-0.746419550630255
"HU_D478","175_D_sire","175_4_dam",1,3,"fam_67",29.62,32.29,0.182,1,0.178563756979462
"HU_D505","175_D_sire","175_4_dam",1,7,"fam_67",28.69,54.05,-0.5219,1,-0.528526790051901
"HU_D511","175_D_sire","175_4_dam",1,7,"fam_67",29,52,-0.3029,2,-0.308158428474715
"HU_D598","175_D_sire","175_4_dam",1,7,"fam_67",29.03,54.12,-0.2842,1,-0.289376869509997
"HU_D625","1730_D_sire","1730_4_dam",1,3,"fam_77",27.43,35.71,-1.5987,2,-1.62810235300118
"HU_D644","1730_D_sire","1730_4_dam",1,3,"fam_77",29.6,61.85,0.1698,2,0.166409885517638
"HU_D649","1730_D_sire","1730_4_dam",1,3,"fam_77",29.33,61.34,-0.0896,1,-0.0939369576464575
"HU_D681","1730_D_sire","1730_4_dam",1,3,"fam_77",31.61,25.65,1.7079,2,1.70830578835784
"HU_D682","1730_D_sire","1730_4_dam",1,3,"fam_77",29.16,36.16,-0.2083,1,-0.213149711736448
"HU_D706","1730_D_sire","1730_4_dam",1,7,"fam_77",29.45,35.48,0.0338,1,0.0299403198247677
"HU_D709","1730_D_sire","1730_4_dam",1,7,"fam_77",27.64,42.55,-1.3768,1,-1.39697735077263
"HU_D740","1730_D_sire","1730_4_dam",1,7,"fam_77",27.22,56.28,-1.8757,2,-1.92571373926324
"HU_D753","1730_D_sire","1730_4_dam",1,7,"fam_77",32,79.64,2.3687,2,2.37569523050188
"HU_D791","1730_D_sire","1730_4_dam",1,7,"fam_77",30.1,71.39,0.506,1,0.503447501834221
"HU_D805","1730_C_sire","1730_3_dam",1,3,"fam_81",29.8,41.21,0.3029,1,0.299798040345134
"HU_D825","1730_C_sire","1730_3_dam",1,3,"fam_81",31.7,35.67,1.7616,2,1.76225941447673
"HU_D853","1730_C_sire","1730_3_dam",1,3,"fam_81",29.32,46.02,-0.0956,1,-0.0999523367853044
"HU_D865","1730_C_sire","1730_3_dam",1,4,"fam_81",31.01,40.17,1.2074,1,1.20628659023402
"HU_D901","1730_C_sire","1730_3_dam",1,7,"fam_81",29.98,62.66,0.4262,1,0.423439648632502
"HU_D905","1730_C_sire","1730_3_dam",1,7,"fam_81",29.07,43.35,-0.2615,1,-0.266558752913145
"HU_D909","1730_C_sire","1730_3_dam",1,7,"fam_81",27.13,35.55,-1.9635,1,-2.02377186273453
"HU_D931","1730_C_sire","1730_3_dam",1,7,"fam_81",30.39,71.88,0.775,2,0.773053961585312
"HU_D937","1730_C_sire","1730_3_dam",1,7,"fam_81",30.47,44.15,0.8215,2,0.819641721157849
"HU_D947","1730_C_sire","1730_3_dam",1,7,"fam_81",30.36,28.04,0.7406,2,0.738532240583601
"HU_D951","1730_C_sire","1730_3_dam",1,7,"fam_81",31.05,50.36,1.2282,2,1.22720587213451
"HU_D981","1730_C_sire","1730_3_dam",1,7,"fam_81",29.98,69.5,0.4262,1,0.423439648632502
"HU_E121","CB_sire","D06_dam",1,4,"fam_16",27.64,61.82,-1.3768,1,-1.39697735077263
"HU_E206","CD_sire","C08_dam",1,4,"fam_90",28.29,49.18,-0.8412,1,-0.850756809119169
"HU_E232","CD_sire","C08_dam",1,4,"fam_90",31.12,49.42,1.2943,1,1.29343725329641
"HU_E285","CD_sire","C08_dam",1,4,"fam_90",29.31,41.36,-0.1016,2,-0.105971334886859
"HU_E287","CD_sire","C08_dam",1,4,"fam_90",30.5,54.11,0.844,1,0.842190145951803
"HU_E288","CD_sire","C08_dam",1,4,"fam_90",30.94,39.33,1.187,2,1.18588228541607
"HU_E339","CD_sire","C08_dam",1,4,"fam_90",28.79,52.03,-0.4657,1,-0.471977743097395
"HU_E365","CD_sire","C08_dam",1,4,"fam_90",28.72,45.98,-0.5015,1,-0.507983423733912
"HU_E387","CD_sire","C08_dam",1,4,"fam_90",27.3,31.1,-1.7341,1,-1.77176773209635
"HU_E425","GG04_sire","HH03_dam",1,4,"fam_96",30.07,38.62,0.4902,1,0.487652251281942
"HU_E502","GG04_sire","HH03_dam",1,4,"fam_96",27.53,28.25,-1.4876,2,-1.5118451969964
"HU_E543","GG04_sire","HH03_dam",1,4,"fam_96",29.16,20.08,-0.2083,1,-0.213149711736448
"HU_E627","NA_sire","R02_dam",1,4,"fam_102",30.73,21,1.0358,1,1.03438671185319
"HU_E651","NA_sire","R02_dam",1,4,"fam_102",28.23,42.16,-0.9113,1,-0.921694599949613
"HU_E670","NA_sire","R02_dam",1,4,"fam_102",30.39,31.36,0.775,1,0.773053961585312
"HU_E800","NA_sire","R03_dam",1,4,"fam_103",29.41,41.57,-0.004,2,-0.00798297738332359
"HU_E827","NA_sire","R03_dam",1,4,"fam_103",28.76,22.75,-0.4813,1,-0.487652251281942
"HU_E860","NA_sire","R03_dam",1,4,"fam_103",28.98,46.75,-0.3112,2,-0.316540411699714
"LA_K182","NB_sire","N16_dam",1,7,"fam_87",29.7,82.29,0.2348,2,0.231561026772881
"LA_K285","NB_sire","N16_dam",1,7,"fam_87",28.61,85.56,-0.5821,1,-0.589191998573403
"LA_K435","NB_sire","N16_dam",1,4,"fam_87",31.88,47.78,2.0214,1,2.02377186273453
"LA_K510","CD_sire","J11_dam",1,2,"fam_26",32,48.17,2.3687,2,2.37569523050188
"LA_K520","CD_sire","J11_dam",1,2,"fam_26",30.93,50.22,1.175,1,1.17387309673084
"LA_K630","CD_sire","J11_dam",1,7,"fam_26",30.71,40.54,1.0123,1,1.01082141652608
"LA_K666","CD_sire","J11_dam",1,7,"fam_26",29.64,47.38,0.1941,2,0.190744063630301
"LA_K761","CD_sire","J11_dam",1,7,"fam_26",29.51,73.14,0.0876,1,0.0839187659629912
"LA_K777","CD_sire","J11_dam",1,7,"fam_26",27.09,37.72,-2.087,2,-2.16673878989022
"LA_K816","CD_sire","J11_dam",1,2,"fam_26",30.06,54.45,0.4746,2,0.471977743097395
"LA_K840","CD_sire","J11_dam",1,7,"fam_0",29.68,0,0.2185,1,0.215191735139086
"LA_K844","CD_sire","J11_dam",1,7,"fam_26",30.03,73.66,0.4591,2,0.456418351130062
"LA_K886","CD_sire","J11_dam",1,7,"fam_26",30.16,34.38,0.531,1,0.528526790051901
"LA_L040","CB_sire","D20_dam",1,2,"fam_71",30.19,36.97,0.568,2,0.56561423191122
"LA_L134","CB_sire","D20_dam",1,7,"fam_71",32,74.72,2.3687,1,2.37569523050188
"LA_L173","CB_sire","D20_dam",1,7,"fam_71",29.49,66.04,0.0736,2,0.069907208113003
"LA_L326","CC_sire","Y23_dam",1,2,"fam_73",29.58,33.33,0.1437,1,0.140158156403418
"LA_L388","CC_sire","Y23_dam",1,2,"fam_0",30.18,0,0.5425,1,0.540036335334635
"LA_L493","CC_sire","Y23_dam",1,7,"fam_73",29.34,68.73,-0.0816,2,-0.0859216984577101
"LA_L511","CC_sire","Y23_dam",1,2,"fam_73",29.06,34.67,-0.2718,2,-0.276912708907181
"LA_L555","CC_sire","Y23_dam",1,2,"fam_73",27.04,35.98,-2.337,1,-2.49098768535023
"LA_L562","CC_sire","Y23_dam",1,2,"fam_73",30.26,31.41,0.6642,2,0.662014727093417
"LA_L572","CC_sire","Y23_dam",1,2,"fam_73",29.75,27.83,0.2676,1,0.264491421885528
"LA_L665","GG05_sire","HH13_dam",1,2,"fam_93",29.99,24.72,0.4349,1,0.432187566137413
"LA_L670","GG05_sire","HH13_dam",1,2,"fam_93",29.77,22.24,0.28,2,0.276912708907181
"LA_L701","GG05_sire","HH13_dam",1,7,"fam_93",30.36,54.05,0.7406,1,0.738532240583601
"LA_L733","GG05_sire","HH13_dam",1,7,"fam_93",31.4,57.79,1.464,2,1.46356770505629
"LA_L745","GG05_sire","HH13_dam",1,7,"fam_93",31.08,40.23,1.2584,2,1.25742791547378
"LA_L791","GG05_sire","HH13_dam",1,7,"fam_93",29.61,18.23,0.1739,1,0.170458356747895
"LA_L806","GG05_sire","HH13_dam",1,2,"fam_93",27.43,18.92,-1.5987,1,-1.62810235300118
"LA_L881","GG05_sire","HH13_dam",1,7,"fam_93",30.35,73.77,0.7302,2,0.728086708652433
"LA_M037","GG05_sire","GG09_dam",1,2,"fam_100",30.06,39.44,0.4746,2,0.471977743097395
"LA_M142","GG05_sire","GG09_dam",1,7,"fam_100",28.4,57.44,-0.767,2,-0.775747497592327
"LA_M342","GG04_sire","GG03_dam",1,2,"fam_101",31.83,37.94,1.9369,2,1.93861881575806
"LA_M346","GG04_sire","GG03_dam",1,2,"fam_101",31.8,30.55,1.8422,2,1.84329038515785
"LA_M354","GG04_sire","GG03_dam",1,2,"fam_101",29.72,43.87,0.2491,1,0.245935084705768
"LA_M392","GG04_sire","GG03_dam",1,2,"fam_101",29.52,57.85,0.1016,2,0.0979468192684425
"LA_M411","GG04_sire","GG03_dam",1,7,"fam_101",31.29,52.35,1.3819,2,1.38126514089974
"LA_M418","GG04_sire","GG03_dam",1,7,"fam_101",28.92,59.49,-0.3745,2,-0.380166727371964
"LA_M455","GG04_sire","GG03_dam",1,7,"fam_101",28.21,72.01,-0.9264,2,-0.93706307335426
"LA_M511","GG04_sire","GG03_dam",1,2,"fam_101",31.6,50.05,1.6746,1,1.67492450694208
"LA_M593","GG04_sire","GG03_dam",1,7,"fam_101",31.02,73.91,1.2157,1,1.21459055495733
"LA_N035","NC_sire","R09_dam",1,2,"fam_106",29.75,46.31,0.2676,2,0.264491421885528
"LA_N084","NC_sire","R09_dam",1,2,"fam_106",29.54,55.2,0.1156,1,0.111994174639077
"LA_N136","NC_sire","R09_dam",1,7,"fam_106",29.14,71.8,-0.2185,1,-0.223368899269238
"LA_N203","NC_sire","R09_dam",1,2,"fam_106",28.93,18.72,-0.3596,1,-0.365191915243078
"LA_N204","NC_sire","R09_dam",1,2,"fam_106",28.76,22.91,-0.4813,2,-0.487652251281942
"LA_N208","NC_sire","R09_dam",1,2,"fam_106",30.07,46.33,0.4902,1,0.487652251281942
"LA_N214","NC_sire","R09_dam",1,2,"fam_106",28.45,40.98,-0.7044,2,-0.71256552742236
"LA_N232","NC_sire","R09_dam",1,7,"fam_106",27.85,53.79,-1.2074,2,-1.22297912833447
"LA_N233","NC_sire","R09_dam",1,7,"fam_106",30.18,55.62,0.5425,1,0.540036335334635
"LA_N238","NC_sire","R09_dam",1,7,"fam_106",27.04,56.67,-2.337,2,-2.49098768535023
"LA_N251","NC_sire","R09_dam",1,2,"fam_106",30.32,14.26,0.707,1,0.704869070467878
"LA_N288","NC_sire","R09_dam",1,7,"fam_106",28.18,54.73,-0.9797,1,-0.991060475917727
"LA_N359","NC_sire","R08_dam",1,2,"fam_107",29.62,38.81,0.182,1,0.178563756979462
"LA_N360","NC_sire","R08_dam",1,2,"fam_107",28.28,32.18,-0.8526,1,-0.862277135207436
"LA_N383","NC_sire","R08_dam",1,2,"fam_107",30.04,46.1,0.4657,2,0.46307291711285
"LA_N414","NC_sire","R08_dam",1,7,"fam_107",29.39,47.04,-0.0298,2,-0.03393380488167
"LA_N473","NC_sire","R08_dam",1,7,"fam_107",28.94,74.94,-0.3406,1,-0.346057685439508
"LA_N520","NC_sire","R08_dam",1,2,"fam_107",27.72,36.24,-1.3036,2,-1.32158694642802
"LA_N539","NC_sire","R08_dam",1,2,"fam_107",28.19,19.62,-0.9574,1,-0.968484316887792
"LA_N541","NC_sire","R08_dam",1,2,"fam_107",31.36,45.75,1.419,2,1.41847903457261
"LA_N600","NA_sire","R13_dam",1,2,"fam_111",29.97,28.31,0.4153,2,0.412550047581939
"LA_N618","NA_sire","R13_dam",1,2,"fam_111",30.22,22.52,0.6082,2,0.605892730137948
"LA_N624","NA_sire","R13_dam",1,2,"fam_111",30.59,27.2,0.9143,2,0.91257716583047
"LA_N659","NA_sire","R13_dam",1,2,"fam_111",30.24,35.76,0.6348,1,0.632484913239043
"LA_N683","NA_sire","R13_dam",1,2,"fam_111",28.57,19.7,-0.5963,2,-0.603496649222428
"LA_N709","NA_sire","R13_dam",1,7,"fam_111",29.24,26.1,-0.1598,2,-0.164386676392282
"LA_N750","NA_sire","R13_dam",1,7,"fam_111",27.84,49.33,-1.224,2,-1.24001957790985
"LA_N751","NA_sire","R13_dam",1,7,"fam_111",29.18,38.39,-0.1961,1,-0.200915904614058
"LA_N762","NA_sire","R13_dam",1,7,"fam_111",29.27,54.41,-0.1336,1,-0.138143017608229
"LA_N771","NA_sire","R13_dam",1,7,"fam_111",27.96,42.35,-1.1064,1,-1.11994112101445
"LA_N774","NA_sire","R13_dam",1,7,"fam_0",27.97,0,-1.0991,2,-1.11249921641449
"LA_N793","NA_sire","R13_dam",1,7,"fam_111",30.02,33.38,0.4503,2,0.447576870646752
"LA_N800","NA_sire","R13_dam",1,2,"fam_111",29.13,33.08,-0.2246,1,-0.229511559029543
"LA_N817","NA_sire","R13_dam",1,2,"fam_111",29.7,50.45,0.2348,2,0.231561026772881
"LA_N857","NA_sire","R13_dam",1,2,"fam_111",29.67,35.18,0.2103,2,0.207028934990035
"LA_N858","NA_sire","R13_dam",1,2,"fam_111",29.27,23.74,-0.1336,1,-0.138143017608229
"LA_N875","NA_sire","R13_dam",1,7,"fam_0",29.59,0,0.1578,2,0.154280546851203
"LA_N889","NA_sire","R13_dam",1,7,"fam_111",30.24,34.55,0.6348,1,0.632484913239043
"LV_Q300","RR07_sire","RR33_dam",1,2,"fam_11",29.68,39.5,0.2185,1,0.215191735139086
"LV_Q506","RR07_sire","RR33_dam",1,2,"fam_11",29.02,35.77,-0.2904,2,-0.295625727631307
"LV_Q510","RR07_sire","RR33_dam",1,2,"fam_11",28.19,30.81,-0.9574,1,-0.968484316887792
"LV_Q528","RR07_sire","RR33_dam",1,7,"fam_11",28.93,29.14,-0.3596,2,-0.365191915243078
"LV_Q565","RR07_sire","RR33_dam",1,2,"fam_11",30.46,26.28,0.8132,1,0.811292959542069
"LV_Q624","RR05_sire","RR22_dam",1,2,"fam_12",29.45,38.05,0.0338,2,0.0299403198247677
"LV_Q643","RR05_sire","RR22_dam",1,2,"fam_12",29.96,24.16,0.4067,1,0.403873515928549
"LV_R106","RR08_sire","RR37_dam",1,7,"fam_15",28.19,57.4,-0.9574,1,-0.968484316887792
"LV_R182","RR08_sire","RR37_dam",1,7,"fam_15",27.95,32.81,-1.1249,2,-1.13882280010492
"LV_R202","RR08_sire","RR37_dam",1,2,"fam_15",29.81,37.59,0.3154,1,0.312346676983296
"LV_R288","RR08_sire","RR37_dam",1,7,"fam_15",30.67,78.41,0.9701,1,0.968484316887792
"LV_R514","RR09_sire","RR41_dam",1,2,"fam_20",27.48,43.72,-1.5441,2,-1.57074437098024
"LV_R616","RR11_sire","RR52_dam",1,2,"fam_21",29.92,38.24,0.3766,2,0.373738705143207
"LV_R629","RR11_sire","RR52_dam",1,2,"fam_21",30.68,56.68,0.9797,1,0.978098766834324
"LV_R632","RR11_sire","RR52_dam",1,2,"fam_21",28.88,48.19,-0.4002,1,-0.406039774612735
"LV_R643","RR11_sire","RR52_dam",1,2,"fam_0",27.85,0,-1.2074,2,-1.22297912833447
"LV_R710","RR11_sire","RR52_dam",1,7,"fam_21",29.5,46.03,0.0816,2,0.0779119555449757
"LV_R732","RR11_sire","RR52_dam",1,7,"fam_21",30.49,66.34,0.8327,2,0.830863128029929
"LV_R735","RR11_sire","RR52_dam",1,7,"fam_21",29.8,77.31,0.3029,1,0.299798040345134
"LV_R769","RR11_sire","RR52_dam",1,7,"fam_21",30.6,34.38,0.9264,2,0.92475081306484
"LV_R775","RR11_sire","RR52_dam",1,7,"fam_21",31.23,66.82,1.3368,2,1.3360630608901
"LV_R845","RR11_sire","RR52_dam",1,7,"fam_21",29.79,78.71,0.2883,1,0.28521724791614
"LV_R872","RR11_sire","RR52_dam",1,4,"fam_21",30.1,28.08,0.506,2,0.503447501834221
"LV_S469","RC_sire","N07_dam",1,4,"fam_0",29.37,0,-0.0617,2,-0.065906545576651
"LV_S474","RC_sire","N07_dam",1,7,"fam_34",28.4,58.18,-0.767,2,-0.775747497592327
"LV_S479","RC_sire","N07_dam",1,7,"fam_34",27.29,62.51,-1.771,1,-1.81149867317303
"LV_S669","RB_sire","N06_dam",1,2,"fam_0",29.56,0,0.1236,1,0.120030990286358
"LV_S691","RB_sire","N06_dam",1,2,"fam_35",29.18,32.95,-0.1961,2,-0.200915904614058
"LV_T344","JB_sire","C05_dam",1,2,"fam_45",27.58,42.18,-1.4245,1,-1.44631392439828
"LV_T351","JB_sire","C05_dam",1,2,"fam_45",30.74,51.32,1.0565,2,1.05505258875721
"LV_T359","JB_sire","C05_dam",1,2,"fam_45",31.07,24.64,1.241,2,1.24001957790985
"LV_T382","JB_sire","C05_dam",1,2,"fam_45",28.75,32.7,-0.4902,1,-0.49666295292613
"LV_T423","JB_sire","C05_dam",1,7,"fam_45",29.7,53.69,0.2348,1,0.231561026772881
"LV_T456","JB_sire","C05_dam",1,7,"fam_45",28.18,46.08,-0.9797,1,-0.991060475917727
"LV_T659","YA_sire","C15_dam",1,2,"fam_0",31.92,0,2.0531,1,2.05572617763887
"LV_T748","YA_sire","C15_dam",1,7,"fam_50",29.76,53.45,0.2759,2,0.272767625684121
"LV_T795","YA_sire","C15_dam",1,7,"fam_50",29.45,69.38,0.0338,2,0.0299403198247677
"LV_T829","YA_sire","C15_dam",1,7,"fam_50",29.24,61.75,-0.1598,2,-0.164386676392282
"LV_T837","YA_sire","C15_dam",1,7,"fam_50",29.24,69.23,-0.1598,2,-0.164386676392282
"LV_T841","YA_sire","C15_dam",1,7,"fam_50",30.15,64.96,0.5242,2,0.521654617439191
"LV_T846","YA_sire","C15_dam",1,7,"fam_0",29.93,0,0.3873,2,0.384460802559278
"LV_T852","YA_sire","C15_dam",1,4,"fam_50",29.01,47.89,-0.2966,1,-0.301886150894337
"LV_T866","YA_sire","C15_dam",1,4,"fam_50",30.41,39.21,0.794,2,0.792028687748839
"LV_U007","102_D_sire","102_4_dam",1,2,"fam_52",31.36,43.63,1.419,1,1.41847903457261
"LV_U041","102_D_sire","102_4_dam",1,2,"fam_52",29.83,31.03,0.3321,1,0.329155420282307
"LV_U051","102_D_sire","102_4_dam",1,2,"fam_52",30.49,29.48,0.8327,2,0.830863128029929
"LV_U079","102_D_sire","102_4_dam",1,2,"fam_52",31.14,19.92,1.3036,1,1.30270598131748
"LV_U153","102_D_sire","102_4_dam",1,7,"fam_52",27.88,66.48,-1.179,1,-1.19398438453753
"LV_U176","102_D_sire","102_4_dam",1,7,"fam_52",28.31,46.78,-0.8187,2,-0.828048008175037
"LV_U204","102_D_sire","102_4_dam",1,4,"fam_52",31.56,42.29,1.5708,2,1.57074437098024
"LV_U236","102_D_sire","102_4_dam",1,7,"fam_52",29.1,59.63,-0.243,2,-0.247992606407835
"LV_U252","102_D_sire","102_4_dam",1,4,"fam_52",30.21,30.57,0.5963,1,0.593946688110712
"LV_U272","102_D_sire","102_4_dam",1,4,"fam_52",27.99,25.13,-1.0775,1,-1.09053463077408
"LV_U282","102_D_sire","102_4_dam",1,7,"fam_0",29.25,0,-0.1477,1,-0.152261243422404
"LV_U336","009_D_sire","009_4_dam",1,2,"fam_62",28.02,44.43,-1.0461,2,-1.05854089423673
"LV_U382","009_D_sire","009_4_dam",1,2,"fam_62",31.81,44.61,1.8757,2,1.87706231130567
"LV_U413","009_D_sire","009_4_dam",1,7,"fam_0",30.73,0,1.0358,2,1.03438671185319
"LV_U424","009_D_sire","009_4_dam",1,7,"fam_62",27.67,0,-1.3615,1,-1.38126514089974
"LV_U439","009_D_sire","009_4_dam",1,7,"fam_62",28.54,72.16,-0.6154,1,-0.622764195054534
"LV_U441","009_D_sire","009_4_dam",1,7,"fam_62",27.23,70.95,-1.8422,2,-1.88881070795617
"LV_U444","009_D_sire","009_4_dam",1,7,"fam_62",29.57,85.85,0.1336,1,0.130087985803812
"LV_U447","009_D_sire","009_4_dam",1,7,"fam_62",27.56,54.06,-1.4411,2,-1.46356770505629
"LV_U448","009_D_sire","009_4_dam",1,7,"fam_62",28.51,68.77,-0.6494,2,-0.657053531003305
"LV_U454","009_D_sire","009_4_dam",1,7,"fam_62",29.43,63.44,0.008,2,0.00399145689562563
"LV_U455","009_D_sire","009_4_dam",1,7,"fam_62",29.8,73.06,0.3029,1,0.299798040345134
"LV_U457","009_D_sire","009_4_dam",1,7,"fam_62",29.37,21.2,-0.0617,2,-0.065906545576651
"LV_U517","009_D_sire","009_4_dam",1,4,"fam_62",30.32,49.46,0.707,1,0.704869070467878
"LV_U527","009_D_sire","009_4_dam",1,7,"fam_62",28.61,70.98,-0.5821,2,-0.589191998573403
"LV_U539","009_D_sire","009_4_dam",1,7,"fam_62",29.68,71.77,0.2185,1,0.215191735139086
"LV_U547","009_D_sire","009_4_dam",1,7,"fam_62",28.23,72.83,-0.9113,2,-0.921694599949613
"LV_U549","009_D_sire","009_4_dam",1,7,"fam_62",28.51,80.5,-0.6494,2,-0.657053531003305
"LV_U592","009_D_sire","009_4_dam",1,7,"fam_62",29.39,49,-0.0298,2,-0.03393380488167
"LV_U597","009_D_sire","009_4_dam",1,7,"fam_62",27.44,40.86,-1.564,1,-1.59164288590439
"LV_U604","175_C_sire","175_3_dam",1,2,"fam_66",31.69,22.79,1.7431,1,1.74370701754201
"LV_U655","175_C_sire","175_3_dam",1,2,"fam_66",29.97,33.12,0.4153,1,0.412550047581939
"LV_U687","175_C_sire","175_3_dam",1,2,"fam_66",29.82,32.42,0.3237,1,0.320739720967915
"LV_U720","175_C_sire","175_3_dam",1,7,"fam_66",28.33,35.57,-0.8077,2,-0.816852476771834
"YI_F807","RR09_sire","RR44_dam",1,1,"fam_17",30.84,23.47,1.1287,2,1.12744557266742
"YI_G190","RR10_sire","RR47_dam",1,7,"fam_18",29.21,22.52,-0.184,1,-0.188712095180221
"YI_G265","RR10_sire","RR47_dam",1,7,"fam_18",26.83,38.45,-2.6384,1,-3.15730322273295
"YI_G291","RR10_sire","RR47_dam",1,7,"fam_18",29.97,39.05,0.4153,2,0.412550047581939
"YI_G307","RR10_sire","RR47_dam",1,1,"fam_18",28.35,18.57,-0.7913,2,-0.800248423689884
"YI_G508","NA_sire","N01_dam",1,1,"fam_40",30.94,26.2,1.187,1,1.18588228541607
"YI_G521","NA_sire","N01_dam",1,1,"fam_40",30.31,21.4,0.6943,1,0.692133487847842
"YI_G533","NA_sire","N01_dam",1,1,"fam_40",27.11,25.38,-2.0531,2,-2.12676648312456
"YI_G546","NA_sire","N01_dam",1,1,"fam_40",28.24,18.15,-0.8993,1,-0.909554838541739
"YI_G555","NA_sire","N01_dam",1,1,"fam_40",28.94,33.44,-0.3406,2,-0.346057685439508
"YI_G568","NA_sire","N01_dam",1,1,"fam_40",28.8,37.81,-0.4591,1,-0.465295655964844
"YI_G662","NA_sire","N01_dam",1,7,"fam_40",28.67,63.14,-0.5379,1,-0.544660173301546
"YI_G665","NA_sire","N01_dam",1,7,"fam_40",30.28,70.74,0.6767,1,0.674489750196082
"YI_G705","NA_sire","N01_dam",1,7,"fam_40",29.59,51.63,0.1578,2,0.154280546851203
"YI_G706","NA_sire","N01_dam",1,7,"fam_40",30.73,44.98,1.0358,2,1.03438671185319
"YI_G759","NA_sire","N01_dam",1,7,"fam_40",28.51,63.1,-0.6494,2,-0.657053531003305
"YI_G889","NA_sire","N01_dam",1,7,"fam_40",28.44,0,-0.725,1,-0.733299473365148
"YI_G918","NA_sire","N01_dam",1,1,"fam_40",28.54,38.61,-0.6154,2,-0.622764195054534
"YI_G937","NA_sire","N01_dam",1,4,"fam_0",29.93,0,0.3873,2,0.384460802559278
"YI_G996","NA_sire","N01_dam",1,7,"fam_40",28.67,56.82,-0.5379,1,-0.544660173301546
"YI_H027","ND_sire","N10_dam",1,1,"fam_41",29.08,33.61,-0.2512,2,-0.25623329531746
"YI_H033","ND_sire","N10_dam",1,1,"fam_41",27.07,37.53,-2.163,1,-2.25896840453922
"YI_H052","ND_sire","N10_dam",1,1,"fam_41",28.24,39.49,-0.8993,2,-0.909554838541739
"YI_H082","ND_sire","N10_dam",1,1,"fam_41",29.38,38.96,-0.0477,1,-0.0519121084794259
"YI_H116","ND_sire","N10_dam",1,7,"fam_41",27.95,77.04,-1.1249,1,-1.13882280010492
"YI_H144","ND_sire","N10_dam",1,7,"fam_41",28.57,29.63,-0.5963,1,-0.603496649222428
"YI_H147","ND_sire","N10_dam",1,7,"fam_41",27.4,84.02,-1.6587,1,-1.69137957240162
"YI_H155","ND_sire","N10_dam",1,7,"fam_41",29.57,51.9,0.1336,2,0.130087985803812
"YI_H171","ND_sire","N10_dam",1,7,"fam_41",28.09,35.78,-1.009,1,-1.0208514148185
"YI_H189","ND_sire","N10_dam",1,7,"fam_41",30.58,70.14,0.8963,1,0.89456604772315
"YI_H307","ND_sire","N10_dam",1,1,"fam_41",32,31.66,2.3687,2,2.37569523050188
"YI_H373","ND_sire","N10_dam",1,7,"fam_0",27.05,0,-2.2062,1,-2.31340036685498
"YI_H415","ND_sire","N10_dam",1,1,"fam_41",29.84,29.72,0.3384,2,0.33548249615897
"YI_H494","ND_sire","N10_dam",1,7,"fam_41",29.27,80.34,-0.1336,1,-0.138143017608229
"YI_H791","A14096_A_sire","A14096_1_dam",1,7,"fam_54",28.45,56.69,-0.7044,1,-0.71256552742236
"YI_H873","A14096_A_sire","A14096_1_dam",1,7,"fam_54",31.31,71.29,1.3923,1,1.39170172793582
"YI_H875","A14096_A_sire","A14096_1_dam",1,7,"fam_0",27.71,0,-1.3176,2,-1.3360630608901
"YI_I092","096_D_sire","096_4_dam",1,1,"fam_56",28.82,11.58,-0.4437,2,-0.44978393586925
"YI_I243","096_D_sire","096_4_dam",1,7,"fam_56",29.65,37.72,0.2022,2,0.198879906408582
"YI_I289","096_D_sire","096_4_dam",1,7,"fam_56",27.55,59.67,-1.4582,1,-1.48126852671352
"YI_I312","096_D_sire","096_4_dam",1,1,"fam_56",28.42,33.54,-0.7458,2,-0.754353571044931
"YI_I321","096_D_sire","096_4_dam",1,1,"fam_56",28.92,48.93,-0.3745,1,-0.380166727371964
"YI_I431","096_D_sire","096_4_dam",1,4,"fam_56",28.51,10.97,-0.6494,2,-0.657053531003305
"YI_I452","096_D_sire","096_4_dam",1,7,"fam_56",27.17,35.23,-1.9369,1,-1.99375949603508
"YI_I480","096_D_sire","096_4_dam",1,7,"fam_56",28.05,51.64,-1.0291,2,-1.04122593725047
"YI_I534","096_D_sire","096_4_dam",1,1,"fam_56",28.83,29.34,-0.4284,2,-0.434379696809412
"YI_I541","096_D_sire","096_4_dam",1,1,"fam_56",29.52,32.53,0.1016,2,0.0979468192684425
"YI_I587","096_D_sire","096_4_dam",1,1,"fam_56",27.95,28.81,-1.1249,1,-1.13882280010492
"YI_I628","DC_sire","C20_dam",1,7,"fam_60",29.52,19.9,0.1016,1,0.0979468192684425
"YI_I664","DC_sire","C20_dam",1,7,"fam_0",27.24,0,-1.8106,1,-1.85431387994432
"YI_I673","DC_sire","C20_dam",1,7,"fam_60",29.44,50.23,0.0179,1,0.0139705164768653
"YI_I752","DC_sire","C20_dam",1,7,"fam_60",30.38,57.55,0.7537,2,0.751703642612019
"YI_I823","DC_sire","C20_dam",1,1,"fam_60",30.58,42.05,0.8963,1,0.89456604772315
"YI_I833","DC_sire","C20_dam",1,4,"fam_60",28.72,39.94,-0.5015,1,-0.507983423733912
"YI_I858","DC_sire","C20_dam",1,7,"fam_60",28.43,70.88,-0.738,1,-0.746419550630255
"YI_I921","DC_sire","C20_dam",1,1,"fam_60",29.04,21.95,-0.278,1,-0.283139290759389
"YI_I933","DC_sire","C20_dam",1,4,"fam_0",29.49,0,0.0736,2,0.069907208113003
"YI_I992","DC_sire","C20_dam",1,7,"fam_60",28.65,78.73,-0.5518,2,-0.558602371732177
"YI_J021","099_B_sire","099_2_dam",1,1,"fam_75",27.79,40.18,-1.2672,2,-1.28427833081336
"YI_J050","099_B_sire","099_2_dam",1,1,"fam_75",28.29,46.89,-0.8412,1,-0.850756809119169
"YI_J058","099_B_sire","099_2_dam",1,1,"fam_75",29.72,39.04,0.2491,1,0.245935084705768
"YI_J071","099_B_sire","099_2_dam",1,1,"fam_75",29.41,44.02,-0.004,2,-0.00798297738332359
"YI_J073","099_B_sire","099_2_dam",1,1,"fam_75",28.35,45.39,-0.7913,2,-0.800248423689884
"YI_J077","099_B_sire","099_2_dam",1,1,"fam_75",28.57,33.01,-0.5963,2,-0.603496649222428
"YI_J093","099_B_sire","099_2_dam",1,1,"fam_75",30.07,41.3,0.4902,1,0.487652251281942
"YI_J155","099_B_sire","099_2_dam",1,7,"fam_75",28.66,58.25,-0.5448,1,-0.551617869114217
"YI_J243","099_B_sire","099_2_dam",1,7,"fam_75",28.96,44.16,-0.3258,1,-0.331262969335628
"YI_J291","099_B_sire","099_2_dam",1,7,"fam_75",29.1,89.26,-0.243,1,-0.247992606407835
"YI_J317","099_B_sire","099_2_dam",1,1,"fam_75",28.79,38.4,-0.4657,2,-0.471977743097395
"YI_J400","099_B_sire","099_2_dam",1,1,"fam_75",28.65,22.46,-0.5518,1,-0.558602371732177
"YI_J432","099_B_sire","099_2_dam",1,4,"fam_75",30.64,32.79,0.9574,1,0.955802599996442
"YI_J477","099_B_sire","099_2_dam",1,7,"fam_75",31.6,37.54,1.6746,2,1.67492450694208
"YI_J544","YD_sire","Y10_dam",1,1,"fam_79",28.69,43.2,-0.5219,1,-0.528526790051901
"YI_J618","YD_sire","Y10_dam",1,7,"fam_79",30.69,14.4,0.9894,2,0.987804491071109
"YI_J722","YD_sire","Y10_dam",1,7,"fam_0",30.21,0,0.5963,2,0.593946688110712
"YI_J730","YD_sire","Y10_dam",1,7,"fam_79",30.39,46,0.775,1,0.773053961585312
"YI_J742","YD_sire","Y10_dam",1,7,"fam_79",27.69,61.02,-1.3417,2,-1.36083170829032
"YI_J832","YD_sire","Y10_dam",1,4,"fam_79",30.98,63.15,1.1992,1,1.19806498311842
"ZI_V049","RC_sire","R19_dam",2,2,"fam_84",28,20.57,-1.0599,1,-1.07262480565533
"ZI_V134","RC_sire","R19_dam",2,7,"fam_84",27.77,43.46,-1.2806,2,-1.29805767790976
"ZI_V151","RC_sire","R19_dam",2,7,"fam_84",27.82,28.75,-1.2367,1,-1.25304018435762
"ZI_V198","RC_sire","R19_dam",2,7,"fam_84",27.49,22.93,-1.5311,2,-1.55718422926528
"ZI_V224","RC_sire","R19_dam",1,4,"fam_84",27.91,38.65,-1.1516,2,-1.16596011146932
"ZI_V232","RC_sire","R19_dam",2,7,"fam_84",30,35.57,0.4415,1,0.438770240853901
"ZI_V292","RC_sire","R19_dam",1,7,"fam_84",29.32,37.36,-0.0956,2,-0.0999523367853044
"ZI_W004","CA_sire","Y15_dam",1,3,"fam_24",30.49,44.49,0.8327,1,0.830863128029929
"ZI_W238","CD_sire","J12_dam",1,3,"fam_25",28.63,50.4,-0.5657,2,-0.572654012296242
"ZI_W251","CD_sire","J12_dam",1,3,"fam_25",28.1,35.15,-0.9991,1,-1.01082141652608
"ZI_W286","CD_sire","J12_dam",1,3,"fam_25",28.91,37.5,-0.3809,1,-0.386610496540352
"ZI_W314","CD_sire","J12_dam",1,7,"fam_0",30.53,0,0.8583,1,0.856502762945667
"ZI_W320","CD_sire","J12_dam",1,7,"fam_25",28.02,0,-1.0461,1,-1.05854089423673
"ZI_W321","CD_sire","J12_dam",1,7,"fam_25",28.53,87.37,-0.6275,2,-0.634924423769693
"ZI_W327","CD_sire","J12_dam",1,7,"fam_25",30.28,84.42,0.6767,1,0.674489750196082
"ZI_W329","CD_sire","J12_dam",1,7,"fam_25",28.5,0,-0.6667,2,-0.674489750196082
"ZI_W353","CD_sire","J12_dam",1,7,"fam_25",27.56,74.68,-1.4411,2,-1.46356770505629
"ZI_W397","CD_sire","J12_dam",1,7,"fam_25",29.81,81.02,0.3154,2,0.312346676983296
"ZI_W446","CC_sire","Y10_dam",1,3,"fam_28",28.03,47.64,-1.0358,2,-1.04811421610009
"ZI_W606","F41132_A_sire","F41132_1_dam",1,3,"fam_31",32,38.52,2.3687,2,2.37569523050188
"ZI_W814","CA_sire","Y17_dam",1,3,"fam_42",29.27,40.49,-0.1336,1,-0.138143017608229
"ZI_W817","CA_sire","Y17_dam",1,3,"fam_42",30.76,34.71,1.0811,1,1.07974718222901
"ZI_W823","CA_sire","Y17_dam",1,3,"fam_42",32,23.08,2.3687,1,2.37569523050188
"ZI_W824","CA_sire","Y17_dam",1,3,"fam_42",28.19,25.08,-0.9574,2,-0.968484316887792
"ZI_W838","CA_sire","Y17_dam",1,3,"fam_42",31.26,32,1.3717,2,1.37097687289897
"ZI_W902","CA_sire","Y17_dam",1,7,"fam_42",27.12,69.66,-2.0063,1,-2.07252442844965
"ZI_X013","CD_sire","D27_dam",1,3,"fam_74",29.82,27.36,0.3237,1,0.320739720967915
"ZI_X050","CD_sire","D27_dam",1,3,"fam_74",29.86,35.95,0.3448,1,0.341823030741537
"ZI_X116","CD_sire","D27_dam",1,7,"fam_74",27.04,54.78,-2.337,1,-2.49098768535023
"ZI_X172","CD_sire","D27_dam",1,7,"fam_74",27.22,29.11,-1.8757,2,-1.92571373926324
"ZI_X192","CD_sire","D27_dam",1,7,"fam_74",30.22,46.16,0.6082,1,0.605892730137948
"ZI_X200","CD_sire","C04_dam",1,3,"fam_88",29.48,62.64,0.0597,2,0.0559093619511882
"ZI_X205","CD_sire","C04_dam",1,3,"fam_88",30.18,32,0.5425,2,0.540036335334635
"ZI_X207","CD_sire","C04_dam",1,3,"fam_88",30.74,59.3,1.0565,1,1.05505258875721
"ZI_X302","CD_sire","C04_dam",1,7,"fam_88",28.61,77.49,-0.5821,1,-0.589191998573403
"ZI_X306","CD_sire","C04_dam",1,7,"fam_88",28.5,74.58,-0.6667,1,-0.674489750196082
"ZI_X317","CD_sire","C04_dam",1,7,"fam_88",28.96,86.26,-0.3258,1,-0.331262969335628
"ZI_X346","CD_sire","C04_dam",1,7,"fam_88",29.59,76.89,0.1578,1,0.154280546851203
"ZI_X350","CD_sire","C04_dam",1,7,"fam_88",32,85.34,2.3687,1,2.37569523050188
"ZI_X372","CD_sire","C04_dam",1,3,"fam_0",29.1,0,-0.243,2,-0.247992606407835
"ZI_X378","CD_sire","C04_dam",1,7,"fam_88",28.1,0,-0.9991,2,-1.01082141652608
"ZI_X382","CD_sire","C04_dam",1,7,"fam_88",27.12,56.97,-2.0063,2,-2.07252442844965
"ZI_X396","CD_sire","C04_dam",1,7,"fam_88",28.69,0,-0.5219,2,-0.528526790051901
"ZI_X403","RR03_sire","RR11_dam",1,3,"fam_89",31.4,37.75,1.464,1,1.46356770505629
"ZI_X420","RR03_sire","RR11_dam",1,3,"fam_89",31.1,51.86,1.2852,2,1.28427833081336
"ZI_X504","RR03_sire","RR11_dam",1,7,"fam_89",30.18,51.83,0.5425,2,0.540036335334635
"ZI_X519","RR03_sire","RR11_dam",1,7,"fam_89",29.87,55.78,0.3532,1,0.350298554884175
"ZI_X527","RR03_sire","RR11_dam",1,7,"fam_89",28.28,39.12,-0.8526,2,-0.862277135207436
"ZI_X573","RR03_sire","RR11_dam",1,7,"fam_89",28.48,67.19,-0.6867,1,-0.69467157355759
"ZI_X575","RR03_sire","RR11_dam",1,7,"fam_89",29.63,23.34,0.1901,1,0.186680905604862
"ZI_X580","RR03_sire","RR11_dam",1,7,"fam_89",29,54.26,-0.3029,1,-0.308158428474715
"ZI_X640","GG03_sire","GG17_dam",1,3,"fam_91",29.38,30.48,-0.0477,1,-0.0519121084794259
"ZI_X664","GG03_sire","GG17_dam",1,4,"fam_91",29.95,32.5,0.4024,1,0.399546665911726
"ZI_X822","1727_C_sire","1727_3_dam",1,3,"fam_92",30.33,24.3,0.7172,2,0.715140398915122
"ZI_X928","1727_C_sire","1727_3_dam",1,7,"fam_92",27.54,45.94,-1.4698,1,-1.49333194136054
"ZI_Y312","1727_D_sire","1727_4_dam",1,7,"fam_95",29.28,52.54,-0.1176,2,-0.122041385870038
"ZI_Y343","1727_D_sire","1727_4_dam",1,7,"fam_95",29.37,72.84,-0.0617,2,-0.065906545576651
"ZI_Y372","1727_D_sire","1727_4_dam",1,7,"fam_95",27.98,36.12,-1.0919,1,-1.10511841945218
"ZI_Y378","1727_D_sire","1727_4_dam",1,7,"fam_95",28.49,40.95,-0.6767,1,-0.684545808815392
"ZI_Y412","HH01_sire","HH01_dam",1,3,"fam_97",29.54,39.19,0.1156,2,0.111994174639077
"ZI_Y431","HH01_sire","HH01_dam",1,3,"fam_97",29.9,26.62,0.3681,1,0.365191915243078
"ZI_Y432","HH01_sire","HH01_dam",1,3,"fam_97",29.87,28.54,0.3532,1,0.350298554884175
"ZI_Y437","HH01_sire","HH01_dam",1,3,"fam_97",29.25,37.63,-0.1477,1,-0.152261243422404
"ZI_Y441","HH01_sire","HH01_dam",1,3,"fam_97",27.29,31.28,-1.771,1,-1.81149867317303
"ZI_Y477","HH01_sire","HH01_dam",1,3,"fam_97",28.88,33.63,-0.4002,2,-0.406039774612735
"ZI_Y503","HH01_sire","HH01_dam",1,4,"fam_0",28.4,0,-0.767,1,-0.775747497592327
"ZI_Y623","GG05_sire","HH05_dam",1,3,"fam_99",29.34,13.69,-0.0816,1,-0.0859216984577101
"ZI_Y665","GG05_sire","HH05_dam",1,4,"fam_99",29.29,53.05,-0.1076,1,-0.111994174639077
"ZI_Y699","GG05_sire","HH05_dam",1,4,"fam_99",29.62,42.03,0.182,2,0.178563756979462
"ZI_Y723","GG05_sire","HH05_dam",1,7,"fam_99",30.19,21.02,0.568,2,0.56561423191122
"ZI_Y776","GG05_sire","HH05_dam",1,7,"fam_99",29.23,48.95,-0.1698,2,-0.174509623751881
"ZI_Y846","NB_sire","R05_dam",1,3,"fam_104",30.59,67.84,0.9143,2,0.91257716583047
"ZI_Y923","NB_sire","R05_dam",1,7,"fam_104",29.48,51.56,0.0597,2,0.0559093619511882
"ZI_Y964","NB_sire","R05_dam",1,7,"fam_104",29.45,53.58,0.0338,1,0.0299403198247677
"ZI_Y978","NB_sire","R05_dam",1,7,"fam_104",31.6,19.43,1.6746,2,1.67492450694208
"ZI_Y996","NB_sire","R05_dam",1,7,"fam_104",29.11,37.35,-0.2348,2,-0.239768724360219
"ZI_Z067","NC_sire","R07_dam",1,4,"fam_108",31.09,48.71,1.2761,2,1.27522589201892
"ZI_Z093","NC_sire","R07_dam",1,4,"fam_108",27.6,32.65,-1.4082,1,-1.42948026900413
"ZI_Z132","NC_sire","R07_dam",1,7,"fam_108",27.52,72.51,-1.5059,1,-1.53089162940282
"ZI_Z199","NC_sire","R07_dam",1,7,"fam_0",30.54,0,0.8728,2,0.870993024563469
"ZI_Z269","ND_sire","R12_dam",1,4,"fam_110",28.84,64.68,-0.4197,1,-0.425623565888796
"ZI_Z321","ND_sire","R12_dam",1,7,"fam_110",27.71,55.13,-1.3176,1,-1.3360630608901
"ZI_Z430","ND_sire","R22_dam",1,3,"fam_112",28.37,35.89,-0.7804,2,-0.789300651871426
"ZI_Z501","ND_sire","R22_dam",1,7,"fam_112",29.34,66.92,-0.0816,1,-0.0859216984577101
"ZI_Z510","ND_sire","R22_dam",1,7,"fam_112",28.94,25.52,-0.3406,2,-0.346057685439508
"ZI_Z584","ND_sire","R22_dam",1,7,"fam_112",29.73,44.26,0.2553,2,0.252110810781277
"ZI_Z619","NC_sire","R19_dam",1,3,"fam_114",31.46,49.43,1.5376,1,1.53736553357678
"ZI_Z682","NC_sire","R19_dam",1,3,"fam_114",30.55,18.18,0.8786,2,0.876840554035961
"ZI_Z685","NC_sire","R19_dam",1,3,"fam_114",28.69,26.66,-0.5219,2,-0.528526790051901
"ZI_Z712","NC_sire","R19_dam",1,7,"fam_114",27.53,27.8,-1.4876,1,-1.5118451969964
"ZI_Z850","RR01_sire","RR05_dam",1,3,"fam_1",30.71,48.72,1.0123,2,1.01082141652608
